company_name,ats_type,token,url,active,notes
Asana,greenhouse,asana,,YES,Verified live by verify_companies.py
SpaceX,greenhouse,spacex,,YES,Verified live by verify_companies.py
Ross Stores,generic,,https://jobs.rossstores.com/,YES,Verified live by verify_companies.py
Inspire Brands,generic,,https://inspirebrands.wd5.myworkdayjobs.com/InspireCareers,YES,Verified live by verify_companies.py
Evenflo,generic,,https://www.evenflo.com/pages/careers,YES,Verified live by verify_companies.py
Anthropic,greenhouse,anthropic,,YES,Verified live by verify_companies.py
OpenAI,ashby,openai,,YES,Verified live by verify_companies.py
Airbnb,greenhouse,airbnb,,YES,Verified live by verify_companies.py
Cloudflare,greenhouse,cloudflare,,YES,Verified live by verify_companies.py
Coinbase,greenhouse,coinbase,,YES,Verified live by verify_companies.py
Datadog,greenhouse,datadog,,YES,Verified live by verify_companies.py
Discord,greenhouse,discord,,YES,Verified live by verify_companies.py
Dropbox,greenhouse,dropbox,,YES,Verified live by verify_companies.py
Figma,greenhouse,figma,,YES,Verified live by verify_companies.py
GitLab,greenhouse,gitlab,,YES,Verified live by verify_companies.py
Instacart,greenhouse,instacart,,YES,Verified live by verify_companies.py
Linear,ashby,linear,,YES,Verified live by verify_companies.py
Lyft,greenhouse,lyft,,YES,Verified live by verify_companies.py
Netlify,greenhouse,netlify,,YES,Verified live by verify_companies.py
Notion,ashby,notion,,YES,Verified live by verify_companies.py
Vercel,greenhouse,vercel,,YES,Verified live by verify_companies.py
Affirm,greenhouse,affirm,,YES,Verified live by verify_companies.py
Airtable,greenhouse,airtable,,YES,Verified live by verify_companies.py
Brex,greenhouse,brex,,YES,Verified live by verify_companies.py
Chime,greenhouse,chime,,YES,Verified live by verify_companies.py
Cockroach Labs,greenhouse,cockroachlabs,,YES,Verified live by verify_companies.py
Contentful,greenhouse,contentful,,YES,Verified live by verify_companies.py
Duolingo,greenhouse,duolingo,,YES,Verified live by verify_companies.py
Elastic,greenhouse,elastic,,YES,Verified live by verify_companies.py
Flexport,greenhouse,flexport,,YES,Verified live by verify_companies.py
Gusto,greenhouse,gusto,,YES,Verified live by verify_companies.py
Lattice,greenhouse,lattice,,YES,Verified live by verify_companies.py
Marqeta,greenhouse,marqeta,,YES,Verified live by verify_companies.py
MongoDB,greenhouse,mongodb,,YES,Verified live by verify_companies.py
Neon,ashby,neon,,YES,Verified live by verify_companies.py
Okta,greenhouse,okta,,YES,Verified live by verify_companies.py
PagerDuty,greenhouse,pagerduty,,YES,Verified live by verify_companies.py
Peloton,greenhouse,peloton,,YES,Verified live by verify_companies.py
Pinterest,greenhouse,pinterest,,YES,Verified live by verify_companies.py
Postman,greenhouse,postman,,YES,Verified live by verify_companies.py
Railway,ashby,railway,,YES,Verified live by verify_companies.py
Reddit,greenhouse,reddit,,YES,Verified live by verify_companies.py
Render,ashby,render,,YES,Verified live by verify_companies.py
Robinhood,greenhouse,robinhood,,YES,Verified live by verify_companies.py
Samsara,greenhouse,samsara,,YES,Verified live by verify_companies.py
SoFi,greenhouse,sofi,,YES,Verified live by verify_companies.py
Spotify,lever,spotify,,YES,Verified live by verify_companies.py
Squarespace,greenhouse,squarespace,,YES,Verified live by verify_companies.py
Supabase,ashby,supabase,,YES,Verified live by verify_companies.py
Tailscale,greenhouse,tailscale,,YES,Verified live by verify_companies.py
Toast,greenhouse,toast,,YES,Verified live by verify_companies.py
Wikimedia Foundation,greenhouse,wikimedia,,YES,Verified live by verify_companies.py
Amplitude,greenhouse,amplitude,,YES,Verified live by verify_companies.py
Checkr,greenhouse,checkr,,YES,Verified live by verify_companies.py
Cohere,ashby,cohere,,YES,Verified live by verify_companies.py
Drata,ashby,drata,,YES,Verified live by verify_companies.py
Fivetran,greenhouse,fivetran,,YES,Verified live by verify_companies.py
Justworks,greenhouse,justworks,,YES,Verified live by verify_companies.py
Kalshi,greenhouse,kalshi,,YES,Verified live by verify_companies.py
Klaviyo,greenhouse,klaviyo,,YES,Verified live by verify_companies.py
Mercury,greenhouse,mercury,,YES,Verified live by verify_companies.py
Mixpanel,greenhouse,mixpanel,,YES,Verified live by verify_companies.py
Nextdoor,greenhouse,nextdoor,,YES,Verified live by verify_companies.py
Outreach,lever,outreach,,YES,Verified live by verify_companies.py
PostHog,ashby,posthog,,YES,Verified live by verify_companies.py
Replit,ashby,replit,,YES,Verified live by verify_companies.py
Roblox,greenhouse,roblox,,YES,Verified live by verify_companies.py
Smartsheet,greenhouse,smartsheet,,YES,Verified live by verify_companies.py
Block,greenhouse,block,,YES,Verified live by verify_companies.py
Braze,greenhouse,braze,,YES,Verified live by verify_companies.py
Carta,greenhouse,carta,,YES,Verified live by verify_companies.py
ClickUp,ashby,clickup,,YES,Verified live by verify_companies.py
Coursera,greenhouse,coursera,,YES,Verified live by verify_companies.py
Cursor,ashby,cursor,,YES,Verified live by verify_companies.py
Deepgram,ashby,deepgram,,YES,Verified live by verify_companies.py
DeepMind,greenhouse,deepmind,,YES,Verified live by verify_companies.py
Fastly,greenhouse,fastly,,YES,Verified live by verify_companies.py
Fireblocks,greenhouse,fireblocks,,YES,Verified live by verify_companies.py
Godaddy,greenhouse,godaddy,,YES,Verified live by verify_companies.py
Intercom,greenhouse,intercom,,YES,Verified live by verify_companies.py
Pinecone,ashby,pinecone,,YES,Verified live by verify_companies.py
Payoneer,greenhouse,payoneer,,YES,Verified live by verify_companies.py
Runway,ashby,runway,,YES,Verified live by verify_companies.py
Scale AI,greenhouse,scaleai,,YES,Verified live by verify_companies.py
Upstart,greenhouse,upstart,,YES,Verified live by verify_companies.py
Vanta,ashby,vanta,,YES,Verified live by verify_companies.py
WorkOS,ashby,workos,,YES,Verified live by verify_companies.py
Anyscale,ashby,anyscale,,YES,Verified live by verify_companies.py
Calendly,greenhouse,calendly,,YES,Verified live by verify_companies.py
CircleCI,greenhouse,circleci,,YES,Verified live by verify_companies.py
LaunchDarkly,greenhouse,launchdarkly,,YES,Verified live by verify_companies.py
Palantir,lever,palantir,,YES,Verified live by verify_companies.py
Pendo,greenhouse,pendo,,YES,Verified live by verify_companies.py
Perplexity,ashby,perplexity,,YES,Verified live by verify_companies.py
Twilio,greenhouse,twilio,,YES,Verified live by verify_companies.py
Waymo,greenhouse,waymo,,YES,Verified live by verify_companies.py
